{"loss": [1.3124229907989502, 0.4871414005756378, 0.37476012110710144, 0.33288514614105225, 0.31186458468437195, 0.29932084679603577, 0.2895698845386505, 0.27894148230552673, 0.2712939977645874, 0.2676610052585602, 0.2592659890651703, 0.25462087988853455, 0.250640332698822, 0.24648968875408173, 0.24478693306446075, 0.24180351197719574, 0.236419215798378, 0.2356746345758438, 0.23220930993556976, 0.23163186013698578, 0.22805863618850708, 0.22648052871227264, 0.22457729279994965, 0.2206217646598816, 0.21985945105552673, 0.21810825169086456, 0.21512636542320251, 0.21556273102760315, 0.21381790935993195, 0.21042490005493164, 0.20874379575252533, 0.20879270136356354, 0.20916631817817688, 0.2053598165512085, 0.2062855362892151, 0.20184719562530518, 0.2015804648399353, 0.20055891573429108, 0.20084352791309357, 0.19857481122016907], "accuracy": [0.8431875109672546, 0.9414583444595337, 0.9487500190734863, 0.9526875019073486, 0.9555000066757202, 0.9564375281333923, 0.9567708373069763, 0.9584166407585144, 0.9597083330154419, 0.9597291946411133, 0.9618750214576721, 0.9622291922569275, 0.9623125195503235, 0.9627500176429749, 0.9631041884422302, 0.9633958339691162, 0.9643750190734863, 0.9630208611488342, 0.964187502861023, 0.9629791378974915, 0.9646041393280029, 0.9649583101272583, 0.965416669845581, 0.9663125276565552, 0.9658750295639038, 0.9656458497047424, 0.9664791822433472, 0.9665416479110718, 0.9666666388511658, 0.9673958420753479, 0.9684374928474426, 0.9676874876022339, 0.9671666622161865, 0.9678541421890259, 0.9667916893959045, 0.9690625071525574, 0.9683125019073486, 0.968791663646698, 0.9683541655540466, 0.9695624709129333], "val_loss": [0.5954350829124451, 0.3751092255115509, 0.3205544948577881, 0.29087355732917786, 0.2862899601459503, 0.2643492519855499, 0.25685423612594604, 0.2569117546081543, 0.24307818710803986, 0.2324528843164444, 0.2504845857620239, 0.22630372643470764, 0.23363706469535828, 0.22373351454734802, 0.23099210858345032, 0.2228831797838211, 0.24172918498516083, 0.2029058039188385, 0.2012988030910492, 0.20037034153938293, 0.19868092238903046, 0.22624926269054413, 0.1955435425043106, 0.20929522812366486, 0.20284372568130493, 0.18425506353378296, 0.18903285264968872, 0.19013431668281555, 0.1856354922056198, 0.1907934844493866, 0.21838201582431793, 0.17958740890026093, 0.18728876113891602, 0.1834305226802826, 0.19367407262325287, 0.17376631498336792, 0.1818970888853073, 0.16869594156742096, 0.17575590312480927, 0.18006406724452972], "val_accuracy": [0.9390833377838135, 0.9569166898727417, 0.9599166512489319, 0.9630833268165588, 0.9620000123977661, 0.9645000100135803, 0.965499997138977, 0.9648333191871643, 0.9674999713897705, 0.9709166884422302, 0.9623333215713501, 0.968666672706604, 0.965499997138977, 0.9710000157356262, 0.9660833477973938, 0.968416690826416, 0.9612500071525574, 0.9735000133514404, 0.9735000133514404, 0.9742500185966492, 0.9725000262260437, 0.9642500281333923, 0.9754999876022339, 0.9701666831970215, 0.971833348274231, 0.9774166941642761, 0.9754166603088379, 0.9734166860580444, 0.9763333201408386, 0.9728333353996277, 0.9648333191871643, 0.9767500162124634, 0.9729999899864197, 0.9739999771118164, 0.9704999923706055, 0.9776666760444641, 0.9736666679382324, 0.9784166812896729, 0.9760000109672546, 0.9735000133514404]}