{"loss": [2.5548038482666016, 1.0739656686782837, 0.7988955974578857, 0.6274051666259766, 0.5065471529960632, 0.4219040870666504, 0.35742178559303284, 0.30356016755104065, 0.27599531412124634, 0.24353906512260437, 0.22071732580661774, 0.200201615691185, 0.19248494505882263, 0.18596960604190826, 0.17457284033298492, 0.1675473153591156, 0.16811572015285492, 0.16693933308124542, 0.16497449576854706, 0.16327203810214996, 0.15917128324508667, 0.16255193948745728, 0.15730133652687073, 0.16272349655628204, 0.15985015034675598, 0.15916818380355835, 0.15861229598522186, 0.1599029302597046, 0.15584240853786469, 0.1560276299715042, 0.15738551318645477, 0.1571017950773239, 0.1541912853717804, 0.16175206005573273, 0.15748350322246552, 0.15759551525115967, 0.15598228573799133, 0.15690593421459198, 0.1508224904537201, 0.15540312230587006], "accuracy": [0.844124972820282, 0.956458330154419, 0.9659166932106018, 0.9698958396911621, 0.9724791646003723, 0.973645806312561, 0.9752083420753479, 0.9769583344459534, 0.9754166603088379, 0.9778541922569275, 0.9778749942779541, 0.9785833358764648, 0.9779166579246521, 0.9771666526794434, 0.9790833592414856, 0.9791666865348816, 0.9784374833106995, 0.9779375195503235, 0.9780833125114441, 0.9777708053588867, 0.9785416722297668, 0.9779999852180481, 0.9792291522026062, 0.9773125052452087, 0.9785000085830688, 0.9785833358764648, 0.9790624976158142, 0.9772708415985107, 0.9790833592414856, 0.9792708158493042, 0.9790416955947876, 0.9787291884422302, 0.9790624976158142, 0.9778333306312561, 0.9789166450500488, 0.9792916774749756, 0.9786666631698608, 0.9786041378974915, 0.9800624847412109, 0.9791041612625122], "val_loss": [1.2058765888214111, 0.8636746406555176, 0.6652572154998779, 0.529712975025177, 0.4328288435935974, 0.36406055092811584, 0.3049563467502594, 0.27481967210769653, 0.23832155764102936, 0.21716241538524628, 0.2009587436914444, 0.18756631016731262, 0.1681816279888153, 0.17179356515407562, 0.15103189647197723, 0.1549679934978485, 0.15595826506614685, 0.15649931132793427, 0.1479669213294983, 0.14986552298069, 0.1485695242881775, 0.14417412877082825, 0.13845860958099365, 0.15338517725467682, 0.14196987450122833, 0.14187286794185638, 0.14615309238433838, 0.1525508463382721, 0.1335616260766983, 0.14756087958812714, 0.1415337771177292, 0.14626112580299377, 0.136140376329422, 0.15504200756549835, 0.13856585323810577, 0.13715873658657074, 0.1387680321931839, 0.1440349817276001, 0.1426476687192917, 0.13282530009746552], "val_accuracy": [0.9700000286102295, 0.9780833125114441, 0.9799166917800903, 0.9805833101272583, 0.9815000295639038, 0.9825833439826965, 0.9848333597183228, 0.9806666374206543, 0.9830833077430725, 0.9815000295639038, 0.9800000190734863, 0.9819999933242798, 0.9850000143051147, 0.9818333387374878, 0.984333336353302, 0.9827499985694885, 0.9819166660308838, 0.9822499752044678, 0.9832500219345093, 0.9833333492279053, 0.9831666946411133, 0.9853333234786987, 0.9856666922569275, 0.9826666712760925, 0.9848333597183228, 0.98416668176651, 0.9816666841506958, 0.9823333621025085, 0.9866666793823242, 0.9828333258628845, 0.9852499961853027, 0.9835000038146973, 0.9853333234786987, 0.9807500243186951, 0.984250009059906, 0.9857500195503235, 0.9848333597183228, 0.9829166531562805, 0.9837499856948853, 0.9859166741371155]}