{"loss": [1.3652616739273071, 0.4926786720752716, 0.3780657649040222, 0.3394274413585663, 0.31979137659072876, 0.30463656783103943, 0.2959170937538147, 0.2847815454006195, 0.27758893370628357, 0.2750372588634491, 0.2683006525039673, 0.26259690523147583, 0.26073139905929565, 0.25340330600738525, 0.24960656464099884, 0.2459353655576706, 0.2432379126548767, 0.240106463432312, 0.23612134158611298, 0.2345314919948578, 0.22970432043075562, 0.22827842831611633, 0.22742702066898346, 0.22313351929187775, 0.2204522341489792, 0.21915513277053833, 0.2154959738254547, 0.21404016017913818, 0.21245259046554565, 0.20991946756839752, 0.20757286250591278, 0.2056100219488144, 0.205696702003479, 0.20512919127941132, 0.20282918214797974, 0.2005026638507843, 0.20094232261180878, 0.1975778192281723, 0.1972772181034088, 0.19507955014705658], "accuracy": [0.8398333191871643, 0.9425833225250244, 0.9504374861717224, 0.9533958435058594, 0.956041693687439, 0.9579583406448364, 0.9580416679382324, 0.9608749747276306, 0.9621875286102295, 0.9609375, 0.9615208506584167, 0.9624999761581421, 0.9629999995231628, 0.9647708535194397, 0.9643124938011169, 0.9646041393280029, 0.9646458625793457, 0.9661666750907898, 0.9663333296775818, 0.9674583077430725, 0.9667708277702332, 0.9667708277702332, 0.9670624732971191, 0.9680833220481873, 0.9675208330154419, 0.9679999947547913, 0.9692708253860474, 0.9685208201408386, 0.9681875109672546, 0.9692083597183228, 0.9700624942779541, 0.9700416922569275, 0.9696875214576721, 0.9694166779518127, 0.9699583053588867, 0.9703958630561829, 0.9701041579246521, 0.9706041812896729, 0.9708541631698608, 0.9716874957084656], "val_loss": [0.6286486983299255, 0.37542158365249634, 0.35906800627708435, 0.3272152245044708, 0.28190651535987854, 0.27692967653274536, 0.2797698378562927, 0.28470537066459656, 0.24714303016662598, 0.24453406035900116, 0.23343265056610107, 0.2541861832141876, 0.26198050379753113, 0.2531925141811371, 0.2247106283903122, 0.23008354008197784, 0.21547140181064606, 0.2213003933429718, 0.21510998904705048, 0.20506158471107483, 0.20505106449127197, 0.21770882606506348, 0.2046542912721634, 0.19990582764148712, 0.20295892655849457, 0.18957480788230896, 0.20580226182937622, 0.20905934274196625, 0.18084649741649628, 0.1791324019432068, 0.18189862370491028, 0.1872578263282776, 0.17992468178272247, 0.19169476628303528, 0.18661905825138092, 0.17552244663238525, 0.17445872724056244, 0.17984327673912048, 0.1877739280462265, 0.16891515254974365], "val_accuracy": [0.9327499866485596, 0.9611666798591614, 0.9460833072662354, 0.9568333625793457, 0.9662500023841858, 0.9664999842643738, 0.9614166617393494, 0.9572499990463257, 0.9701666831970215, 0.9694166779518127, 0.9733333587646484, 0.9631666541099548, 0.9613333344459534, 0.9644166827201843, 0.9708333611488342, 0.969083309173584, 0.9752500057220459, 0.9712499976158142, 0.9723333120346069, 0.9760833382606506, 0.9763333201408386, 0.9692500233650208, 0.9739999771118164, 0.9760000109672546, 0.9754999876022339, 0.9752500057220459, 0.9722499847412109, 0.9694166779518127, 0.9794166684150696, 0.9781666398048401, 0.9796666502952576, 0.9767500162124634, 0.9776666760444641, 0.9723333120346069, 0.9769999980926514, 0.9801666736602783, 0.9786666631698608, 0.9759166836738586, 0.9736666679382324, 0.9802500009536743]}