{"loss": [4.13102388381958, 3.9640069007873535, 3.7261123657226562, 3.415904998779297, 3.103271484375, 2.864799737930298, 2.7128000259399414, 2.6064980030059814, 2.5272603034973145, 2.461597442626953, 2.4119949340820312, 2.3621716499328613, 2.3267734050750732, 2.2835748195648193, 2.25424861907959, 2.2219557762145996, 2.187493085861206, 2.157344341278076, 2.128803014755249, 2.104310989379883, 2.0757086277008057, 2.0565247535705566, 2.029263734817505, 2.008575916290283, 1.9847646951675415, 1.9584336280822754, 1.9366811513900757, 1.9190521240234375, 1.8963526487350464, 1.8797885179519653, 1.85747230052948, 1.8371845483779907, 1.8180670738220215, 1.8005911111831665, 1.7826988697052002, 1.7620750665664673, 1.7422676086425781, 1.725344181060791, 1.707834005355835, 1.6925160884857178], "accuracy": [0.19683332741260529, 0.2902291715145111, 0.4164583384990692, 0.5476666688919067, 0.6461250185966492, 0.6947500109672546, 0.7245833277702332, 0.7521250247955322, 0.7696666717529297, 0.7853333353996277, 0.7961666584014893, 0.8079166412353516, 0.8136249780654907, 0.8214166760444641, 0.8258958458900452, 0.8330625295639038, 0.8401250243186951, 0.8431041836738586, 0.8488125205039978, 0.8525416851043701, 0.8577499985694885, 0.8599791526794434, 0.8653125166893005, 0.8664166927337646, 0.8699166774749756, 0.8746458292007446, 0.8775833249092102, 0.878125011920929, 0.8809375166893005, 0.8833333253860474, 0.8843541741371155, 0.887333333492279, 0.8910624980926514, 0.8922083377838135, 0.893625020980835, 0.8953333497047424, 0.8996041417121887, 0.9002916812896729, 0.9035208225250244, 0.9037291407585144], "val_loss": [4.026588439941406, 3.8076438903808594, 3.4952375888824463, 3.1386914253234863, 2.8444268703460693, 2.6480655670166016, 2.5186712741851807, 2.42946457862854, 2.3683762550354004, 2.310330390930176, 2.2649288177490234, 2.2264533042907715, 2.19063138961792, 2.1567909717559814, 2.126387119293213, 2.098019599914551, 2.0716421604156494, 2.0453426837921143, 2.0209290981292725, 1.9963569641113281, 1.974223256111145, 1.9530364274978638, 1.9302639961242676, 1.909124493598938, 1.887715458869934, 1.8680164813995361, 1.8490370512008667, 1.8305493593215942, 1.8100955486297607, 1.7902582883834839, 1.7737151384353638, 1.7561962604522705, 1.7388287782669067, 1.7199567556381226, 1.7040363550186157, 1.6868115663528442, 1.66963529586792, 1.6524028778076172, 1.6375914812088013, 1.6230218410491943], "val_accuracy": [0.2957499921321869, 0.4739166796207428, 0.6056666374206543, 0.7151666879653931, 0.7584166526794434, 0.7877500057220459, 0.8075833320617676, 0.8238333463668823, 0.8338333368301392, 0.8455833196640015, 0.8548333048820496, 0.859499990940094, 0.8659999966621399, 0.871666669845581, 0.8768333196640015, 0.8801666498184204, 0.8823333382606506, 0.8843333125114441, 0.8882499933242798, 0.8924166560173035, 0.8944166898727417, 0.8966666460037231, 0.8989166617393494, 0.9021666646003723, 0.9056666493415833, 0.9070000052452087, 0.9084166884422302, 0.9082499742507935, 0.9107499718666077, 0.9135000109672546, 0.9139166474342346, 0.9159166812896729, 0.9160000085830688, 0.9177500009536743, 0.9195833206176758, 0.9225000143051147, 0.925083339214325, 0.9266666769981384, 0.9269999861717224, 0.9269166588783264]}