{"loss": [0.9500511884689331, 0.39937856793403625, 0.3518868088722229, 0.32669883966445923, 0.3164040148258209, 0.3060905933380127, 0.2964833974838257, 0.28788498044013977, 0.28372281789779663, 0.2794310450553894, 0.2769050896167755, 0.2706398367881775, 0.2670457065105438, 0.2554071247577667, 0.2583778202533722, 0.25746816396713257, 0.25228774547576904, 0.24658581614494324, 0.24595852196216583, 0.24830248951911926, 0.23797667026519775, 0.23923276364803314, 0.24059909582138062, 0.2341257929801941, 0.2334834635257721, 0.2292035073041916, 0.22533132135868073, 0.2232617437839508, 0.22375868260860443, 0.22092922031879425, 0.2186337262392044, 0.2208075374364853, 0.2178419828414917, 0.21432940661907196, 0.21307554841041565, 0.20984920859336853, 0.20934951305389404, 0.20970956981182098, 0.20798897743225098, 0.2053590714931488], "accuracy": [0.8851041793823242, 0.9462916851043701, 0.9514166712760925, 0.956083357334137, 0.9566458463668823, 0.9580833315849304, 0.9589166641235352, 0.9606666564941406, 0.9615208506584167, 0.9618958234786987, 0.9617916941642761, 0.9622708559036255, 0.9632708430290222, 0.9658750295639038, 0.965791642665863, 0.9646875262260437, 0.9660416841506958, 0.9671666622161865, 0.9665833115577698, 0.9658541679382324, 0.9692291617393494, 0.9678958058357239, 0.9672083258628845, 0.969124972820282, 0.968375027179718, 0.9695833325386047, 0.9700416922569275, 0.9701041579246521, 0.9704166650772095, 0.9708333611488342, 0.9710833430290222, 0.9707916378974915, 0.9705208539962769, 0.9720208048820496, 0.9722083210945129, 0.9734583497047424, 0.9729375243186951, 0.9719791412353516, 0.9725624918937683, 0.973229169845581], "val_loss": [0.4274420142173767, 0.3329055607318878, 0.3185195028781891, 0.2962120771408081, 0.289235383272171, 0.278647243976593, 0.27303841710090637, 0.2677433490753174, 0.249367356300354, 0.2587472200393677, 0.2561836540699005, 0.24280986189842224, 0.2430090755224228, 0.2433575689792633, 0.22380930185317993, 0.24523358047008514, 0.221237450838089, 0.22539421916007996, 0.23201735317707062, 0.22918422520160675, 0.21511796116828918, 0.23554575443267822, 0.2120533287525177, 0.21449242532253265, 0.21569161117076874, 0.212961345911026, 0.20071779191493988, 0.20524758100509644, 0.20941945910453796, 0.19350042939186096, 0.19850850105285645, 0.19528035819530487, 0.19789908826351166, 0.19024281203746796, 0.19818152487277985, 0.20261353254318237, 0.18386416137218475, 0.19384676218032837, 0.20430849492549896, 0.1787165254354477], "val_accuracy": [0.9511666893959045, 0.9641666412353516, 0.9619166851043701, 0.9643333554267883, 0.9618333578109741, 0.96875, 0.9669166803359985, 0.9671666622161865, 0.9729166626930237, 0.965749979019165, 0.968583345413208, 0.9730833172798157, 0.9698333144187927, 0.968916654586792, 0.9770833253860474, 0.9703333377838135, 0.9750833511352539, 0.9735000133514404, 0.9701666831970215, 0.9732499718666077, 0.9751666784286499, 0.969083309173584, 0.9760833382606506, 0.9746666550636292, 0.9764999747276306, 0.9739166498184204, 0.9778333306312561, 0.9757500290870667, 0.9731666445732117, 0.9775833487510681, 0.9768333435058594, 0.9779166579246521, 0.9776666760444641, 0.9792500138282776, 0.9775000214576721, 0.9741666913032532, 0.981416642665863, 0.9789166450500488, 0.9739999771118164, 0.9804999828338623]}