{"loss": [1.368680715560913, 0.5159769058227539, 0.39732736349105835, 0.3550085127353668, 0.33768123388290405, 0.31987035274505615, 0.30846649408340454, 0.30077463388442993, 0.2910521924495697, 0.28555577993392944, 0.2777116000652313, 0.2740043103694916, 0.27002283930778503, 0.2643827795982361, 0.2587728798389435, 0.2550409436225891, 0.253885954618454, 0.25085413455963135, 0.2468239814043045, 0.2454606294631958, 0.24247249960899353, 0.2374260276556015, 0.23536229133605957, 0.23343615233898163, 0.2299569696187973, 0.22794146835803986, 0.22678330540657043, 0.2237105667591095, 0.22363606095314026, 0.2197442203760147, 0.21782612800598145, 0.2181442826986313, 0.21391044557094574, 0.21054638922214508, 0.2115897387266159, 0.2086031138896942, 0.20912349224090576, 0.20792661607265472, 0.20475701987743378, 0.20223230123519897, 0.2012440413236618, 0.20174139738082886, 0.19953450560569763, 0.19966191053390503, 0.197611466050148, 0.19447238743305206, 0.1935402899980545, 0.19139939546585083, 0.19284269213676453, 0.19478458166122437, 0.19059757888317108, 0.18898576498031616, 0.1894904524087906, 0.18695999681949615, 0.18765193223953247, 0.1866227239370346, 0.18596018850803375, 0.18328432738780975, 0.18172264099121094, 0.18127775192260742, 0.18148982524871826, 0.18143802881240845, 0.17874401807785034, 0.1782190501689911, 0.17878273129463196, 0.17593879997730255, 0.1787225753068924, 0.1764853298664093, 0.1763700693845749, 0.1751658320426941, 0.17408522963523865, 0.172428160905838, 0.17328226566314697, 0.17057062685489655, 0.17068377137184143, 0.16793116927146912, 0.1709759384393692, 0.17070525884628296, 0.16766804456710815, 0.1692347377538681], "accuracy": [0.8339375257492065, 0.9351249933242798, 0.9450416564941406, 0.9491041898727417, 0.9509583115577698, 0.9526666402816772, 0.9539374709129333, 0.9553124904632568, 0.956125020980835, 0.9575208425521851, 0.9589999914169312, 0.9589375257492065, 0.9596250057220459, 0.9604374766349792, 0.9621041417121887, 0.9615833163261414, 0.9617083072662354, 0.9620624780654907, 0.9625416398048401, 0.9624583125114441, 0.9633958339691162, 0.9634166955947876, 0.9645624756813049, 0.9653124809265137, 0.9653333425521851, 0.965624988079071, 0.9659166932106018, 0.9659791588783264, 0.9669166803359985, 0.9669374823570251, 0.9671875238418579, 0.9672083258628845, 0.9685624837875366, 0.96875, 0.9677083492279053, 0.9681041836738586, 0.9687708616256714, 0.9692083597183228, 0.9681875109672546, 0.9696875214576721, 0.9699583053588867, 0.9689791798591614, 0.9691666960716248, 0.9693124890327454, 0.9695208072662354, 0.9706458449363708, 0.9713958501815796, 0.9710000157356262, 0.9710416793823242, 0.9693958163261414, 0.9708750247955322, 0.9711458086967468, 0.9705416560173035, 0.9716041684150696, 0.9714375138282776, 0.9715625047683716, 0.9711666703224182, 0.9713958501815796, 0.9725000262260437, 0.9722083210945129, 0.971958339214325, 0.9724375009536743, 0.9725000262260437, 0.9727291464805603, 0.9727916717529297, 0.9734583497047424, 0.9715416431427002, 0.9726874828338623, 0.9725833535194397, 0.9721041917800903, 0.9725833535194397, 0.9732916951179504, 0.9729791879653931, 0.9731666445732117, 0.9735416769981384, 0.9739375114440918, 0.9728333353996277, 0.973312497138977, 0.9743750095367432, 0.9729166626930237], "val_loss": [0.6115227937698364, 0.4258824586868286, 0.3537619709968567, 0.3267062306404114, 0.3023546040058136, 0.3304067850112915, 0.30715489387512207, 0.2684939205646515, 0.27282577753067017, 0.2896192967891693, 0.26084059476852417, 0.30903327465057373, 0.23241296410560608, 0.26115840673446655, 0.2508266270160675, 0.21630530059337616, 0.23411041498184204, 0.22589519619941711, 0.22490975260734558, 0.22100701928138733, 0.2272493541240692, 0.20456638932228088, 0.24158667027950287, 0.2138504981994629, 0.20038644969463348, 0.20450112223625183, 0.19832448661327362, 0.22214864194393158, 0.18892201781272888, 0.24347981810569763, 0.22260090708732605, 0.19669468700885773, 0.20420168340206146, 0.1923874169588089, 0.17886140942573547, 0.20109005272388458, 0.19471853971481323, 0.1786871999502182, 0.19925838708877563, 0.18094713985919952, 0.17243722081184387, 0.18055810034275055, 0.17045731842517853, 0.1794324815273285, 0.17807498574256897, 0.17151974141597748, 0.16611988842487335, 0.16185982525348663, 0.17694337666034698, 0.17091186344623566, 0.1607336550951004, 0.1815381944179535, 0.15974093973636627, 0.1674177199602127, 0.16095241904258728, 0.17603753507137299, 0.1556718349456787, 0.16015642881393433, 0.15855808556079865, 0.1575566679239273, 0.16176575422286987, 0.15999893844127655, 0.17549969255924225, 0.154936745762825, 0.1528395265340805, 0.15747292339801788, 0.15470929443836212, 0.14979614317417145, 0.14883524179458618, 0.15455187857151031, 0.16226635873317719, 0.18228699266910553, 0.15713092684745789, 0.1721307933330536, 0.1570875495672226, 0.1621481031179428, 0.18043452501296997, 0.1697995960712433, 0.14526288211345673, 0.16180333495140076], "val_accuracy": [0.9412500262260437, 0.9448333382606506, 0.953166663646698, 0.9553333520889282, 0.9611666798591614, 0.9457499980926514, 0.9517499804496765, 0.9649999737739563, 0.9634166955947876, 0.9552500247955322, 0.9624999761581421, 0.9434166550636292, 0.9712499976158142, 0.9624166488647461, 0.9621666669845581, 0.9741666913032532, 0.965833306312561, 0.9700000286102295, 0.9695000052452087, 0.972083330154419, 0.9679166674613953, 0.9746666550636292, 0.9617499709129333, 0.971916675567627, 0.9751666784286499, 0.9724166393280029, 0.9754166603088379, 0.9668333530426025, 0.9776666760444641, 0.9598333239555359, 0.9620833396911621, 0.9743333458900452, 0.971666693687439, 0.9746666550636292, 0.9794999957084656, 0.9700000286102295, 0.9725833535194397, 0.9785833358764648, 0.9697499871253967, 0.9778333306312561, 0.9798333048820496, 0.9747499823570251, 0.9791666865348816, 0.9768333435058594, 0.9764166474342346, 0.9786666631698608, 0.9802500009536743, 0.9807500243186951, 0.9762499928474426, 0.9770833253860474, 0.9815833568572998, 0.9724166393280029, 0.981166660785675, 0.9780833125114441, 0.9801666736602783, 0.9760833382606506, 0.981166660785675, 0.9809166789054871, 0.9795833230018616, 0.9805833101272583, 0.9789166450500488, 0.9789166450500488, 0.9741666913032532, 0.9810000061988831, 0.9805833101272583, 0.9787499904632568, 0.9805833101272583, 0.9821666479110718, 0.9823333621025085, 0.9806666374206543, 0.9773333072662354, 0.9698333144187927, 0.9789166450500488, 0.9753333330154419, 0.9779166579246521, 0.9759166836738586, 0.9700000286102295, 0.9741666913032532, 0.9824166893959045, 0.9764999747276306]}